i,j,k,Sx,Sy,Sz
0.0,0.0,0.0,0.38456859039161,-0.26927782595088773,-0.882947592858927
1.0,0.0,0.0,-0.39784847155511616,-0.8935822975543767,-0.20791169081775934
2.0,0.0,0.0,0.5990898797796648,0.5586603508469354,0.5735764363510462
3.0,0.0,0.0,0.4841452055111413,0.02537297507137052,-0.8746197071393957
4.0,0.0,0.0,-0.48088772494352694,-0.2556925389227043,0.838670567945424
5.0,0.0,0.0,0.01744974835125041,-0.00030458649045213444,-0.9998476951563913
6.0,0.0,0.0,-0.22744424438950145,-0.3371999592447479,0.9135454576426009
7.0,0.0,0.0,0.7141802822623912,-0.33302773492225124,-0.6156614753256582
8.0,0.0,0.0,0.6542039106970214,0.4929780064988272,0.5735764363510462
9.0,0.0,0.0,0.7849857321266633,0.195718924851533,0.5877852522924732
0.0,1.0,0.0,-0.016689819278974106,-0.9561591061167363,-0.29237170472273666
1.0,1.0,0.0,0.9727892058317134,0.10224426555364698,0.20791169081775945
2.0,1.0,0.0,0.6440053768033611,0.7408434395550484,-0.1908089953765448
3.0,1.0,0.0,0.23894343561846593,0.958349775772093,-0.1564344650402308
4.0,1.0,0.0,-0.08583165117743136,0.9810602621904069,-0.1736481776669303
5.0,1.0,0.0,-0.5416554453946921,0.05693028136569864,0.838670567945424
6.0,1.0,0.0,0.1296900491608996,0.08747704270873981,-0.9876883405951377
7.0,1.0,0.0,0.6641430082869091,0.7376055366397496,-0.12186934340514738
8.0,1.0,0.0,-0.5068008828711716,0.23632513284254184,0.8290375725550416
9.0,1.0,0.0,-0.3060096622280038,0.9418008996556877,0.13917310096006547
0.0,2.0,0.0,0.5284609280381636,0.8137584678309077,-0.24192189559966779
1.0,2.0,0.0,-0.2138271284976809,-0.6993970231495835,-0.6819983600624984
2.0,2.0,0.0,0.3276383090259117,0.1816128802957423,0.9271838545667874
3.0,2.0,0.0,0.021962964912260616,-0.6289370260712778,-0.7771459614569709
4.0,2.0,0.0,-0.11654423270443494,0.03563114768480356,0.992546151641322
5.0,2.0,0.0,0.08617463914053189,0.08617463914053188,-0.992546151641322
6.0,2.0,0.0,0.3851179549580233,0.38511795495802326,-0.8386705679454239
7.0,2.0,0.0,0.03433547663403542,0.0394984475666695,0.9986295347545738
8.0,2.0,0.0,-0.8851393451566331,-0.4317113040547362,-0.1736481776669303
9.0,2.0,0.0,0.1676799955236331,-0.27906637615060936,0.9455185755993168
0.0,3.0,0.0,0.09201951454469652,-0.1472620064714731,0.984807753012208
1.0,3.0,0.0,0.21313562940267247,-0.41830222536313766,-0.882947592858927
2.0,3.0,0.0,-0.3731497769021745,-0.19840725580126284,0.9063077870366499
3.0,3.0,0.0,0.8109924276397878,0.5067643126626463,-0.29237170472273666
4.0,3.0,0.0,0.44286980273695836,-0.4276743972041042,-0.7880107536067219
5.0,3.0,0.0,0.1354641342014596,-0.27774263474946603,-0.9510565162951535
6.0,3.0,0.0,0.13105394327345807,-0.743243845875975,-0.6560590289905072
7.0,3.0,0.0,-0.8585504797070659,-0.4759023020307433,0.19080899537654492
8.0,3.0,0.0,0.8866703297743582,0.2710823241510897,-0.37460659341591207
9.0,3.0,0.0,-0.17402404807821303,-0.6979723340088217,-0.6946583704589974
0.0,4.0,0.0,0.0018242732252117622,0.10451254307640309,-0.9945218953682733
1.0,4.0,0.0,0.5265407845183632,0.627506871597133,0.5735764363510462
2.0,4.0,0.0,0.03354754938764015,-0.9606761212855751,-0.27563735581699905
3.0,4.0,0.0,0.2649787526993964,0.12356162163208806,0.9563047559630354
4.0,4.0,0.0,-0.9975640502598242,1.221663621095163e-16,-0.06975647374412534
5.0,4.0,0.0,0.7153991816466303,-0.6908529592223184,-0.10452846326765355
6.0,4.0,0.0,-0.034639361146286136,-0.9919415193434418,-0.12186934340514738
7.0,4.0,0.0,0.7175875247389182,0.6929662175819667,0.06975647374412523
8.0,4.0,0.0,0.34874285543025724,-0.33677706078316594,0.8746197071393957
9.0,4.0,0.0,-0.6075619005327781,-0.3367770607831657,0.7193398003386512
0.0,5.0,0.0,-0.797623108669453,-0.5179825032797458,-0.30901699437494734
1.0,5.0,0.0,-0.4852769335260463,-0.24726094768413673,-0.8386705679454239
2.0,5.0,0.0,0.9354072026155704,-0.28598268149699796,0.20791169081775945
3.0,5.0,0.0,-0.42713572269685157,-0.8757580131211029,-0.22495105434386503
4.0,5.0,0.0,0.06668271161732846,-0.2674497483512505,0.9612616959383189
5.0,5.0,0.0,0.3541974926167258,0.12195997726590102,-0.9271838545667873
6.0,5.0,0.0,0.29746834949764156,-0.6681248520442956,-0.6819983600624984
7.0,5.0,0.0,0.0,-0.0,1.0
8.0,5.0,0.0,-0.607561900532778,0.3367770607831659,0.7193398003386512
9.0,5.0,0.0,0.36944354005149177,-0.12720961239121503,0.9205048534524404
0.0,6.0,0.0,0.862729915662821,0.4980973490458727,0.08715574274765812
1.0,6.0,0.0,0.6423960408422582,-0.02243296406466376,0.7660444431189781
2.0,6.0,0.0,0.6794784183941234,0.7036204998135863,0.20791169081775945
3.0,6.0,0.0,-0.13302222155948895,-0.11161889704894959,-0.9848077530122081
4.0,6.0,0.0,0.5086971015512258,-0.08056970572390484,-0.8571673007021121
5.0,6.0,0.0,-0.7135919272833936,0.2457094051842632,0.6560590289905074
6.0,6.0,0.0,-0.07669486284871427,0.624629532285928,-0.7771459614569709
7.0,6.0,0.0,-0.38692856000628756,-0.9115465634955903,-0.13917310096006535
8.0,6.0,0.0,0.5346324819374547,0.10392202711406813,0.838670567945424
9.0,6.0,0.0,-0.5668474981641695,0.5473982660046117,0.6156614753256583
0.0,7.0,0.0,0.7506653549675373,-0.20114017564957362,-0.6293203910498373
1.0,7.0,0.0,-0.4155629535409688,0.7496954135095479,-0.5150380749100542
2.0,7.0,0.0,-0.3276946974440557,-0.2128074247707306,-0.9205048534524404
3.0,7.0,0.0,0.016399897544071885,0.9395495010482594,-0.3420201433256687
4.0,7.0,0.0,0.38457705140507786,-0.8637741998554581,0.32556815445715676
5.0,7.0,0.0,0.2805098401150091,0.46684677150083403,0.838670567945424
6.0,7.0,0.0,-0.008988653814006303,-0.014959632116602407,-0.9998476951563913
7.0,7.0,0.0,-0.6465383298104111,0.3153378132054804,-0.6946583704589974
8.0,7.0,0.0,0.23375373483019754,0.14606554478973033,-0.9612616959383189
9.0,7.0,0.0,0.1523662282800492,0.37711964852057606,0.9135454576426009
0.0,8.0,0.0,-0.4220282414419602,0.6256825983719214,0.6560590289905074
1.0,8.0,0.0,0.18843198440409176,0.8865027874162641,-0.42261826174069933
2.0,8.0,0.0,0.7066760308408345,-0.024677670778335884,-0.7071067811865475
3.0,8.0,0.0,-0.003041691556625921,0.03476669358110182,0.9993908270190958
4.0,8.0,0.0,-0.2145707128828077,0.800788802294912,0.5591929034707469
5.0,8.0,0.0,-0.21138484580493982,0.915608359793373,0.3420201433256688
6.0,8.0,0.0,0.11667319195005872,-0.3388435531945202,0.9335804264972017
7.0,8.0,0.0,-0.30732416694677966,0.9458465291882033,0.10452846326765344
8.0,8.0,0.0,0.46025579749872264,-0.5683685756099449,-0.6819983600624984
9.0,8.0,0.0,-0.9042039106970214,-0.3113423744974872,0.29237170472273677
0.0,9.0,0.0,-0.3051005797981482,-0.3767678384499284,0.8746197071393957
1.0,9.0,0.0,-0.45806401002995883,-0.6791078223508458,-0.5735764363510462
2.0,9.0,0.0,0.620407094812418,0.2506607369984155,-0.743144825477394
3.0,9.0,0.0,-0.28903555496820404,0.5435968176547656,-0.7880107536067219
4.0,9.0,0.0,-0.20670208009540494,-0.15576118962056457,0.9659258262890683
5.0,9.0,0.0,0.25778832927368794,-0.24894329585587052,-0.9335804264972017
6.0,9.0,0.0,-0.3787344657097138,0.4676981147867478,-0.7986355100472929
7.0,9.0,0.0,-0.7094064799162225,0.4967317648921539,0.5000000000000001
8.0,9.0,0.0,0.5454296418383429,-0.7238095817598484,0.42261826174069944
9.0,9.0,0.0,0.2347357813929454,-0.05852620357053657,0.9702957262759965
0.0,0.0,1.0,0.0024289055230921437,-0.017282560817541617,-0.9998476951563913
1.0,0.0,1.0,-0.7975410078370098,0.04179735310789623,-0.6018150231520484
2.0,0.0,1.0,-0.05831857499239723,-0.6665843623856095,-0.743144825477394
3.0,0.0,1.0,-0.6819983600624985,8.352071086742828e-17,-0.7313537016191705
4.0,0.0,1.0,0.8501140779110444,0.49081359172383193,-0.1908089953765448
5.0,0.0,1.0,-0.004222119248083462,0.24188504972319289,0.9702957262759965
6.0,0.0,1.0,0.5537508765739679,0.07782461041088638,0.8290375725550416
7.0,0.0,1.0,-0.5220515493164284,-0.20039681421709468,0.8290375725550416
8.0,0.0,1.0,0.15809909227473967,-0.22578890349990713,-0.9612616959383189
9.0,0.0,1.0,0.8029867043792832,-0.09859436990808054,-0.587785252292473
0.0,1.0,1.0,-0.43297407053689174,-0.8877284001260135,0.15643446504023092
1.0,1.0,1.0,-0.3892095647956369,0.7319967290770821,-0.5591929034707467
2.0,1.0,1.0,-0.7356714154365449,-0.5747695027124244,0.3583679495453004
3.0,1.0,1.0,0.2472609476841366,-0.4852769335260461,0.838670567945424
4.0,1.0,1.0,0.4406222351271289,-0.3201307926046369,0.838670567945424
5.0,1.0,1.0,0.18597106962413543,0.24679194491591763,-0.9510565162951535
6.0,1.0,1.0,-0.40415185365946155,-0.8667064471094825,-0.29237170472273666
7.0,1.0,1.0,0.23574756785834924,-0.2911240012083295,0.9271838545667874
8.0,1.0,1.0,0.6571496071009102,0.634601998946228,-0.40673664307580026
9.0,1.0,1.0,-0.8259292775358054,-0.5363647442758861,-0.1736481776669303
0.0,2.0,1.0,-0.6568123929645335,-0.22615864364855168,0.7193398003386512
1.0,2.0,1.0,0.7096293710772116,-0.6617400940958803,-0.24192189559966779
2.0,2.0,1.0,0.04200929630861169,0.23824655840996276,-0.9702957262759965
3.0,2.0,1.0,0.9648875622944736,-0.22276184614647956,0.13917310096006547
4.0,2.0,1.0,0.9902680687415704,0.0,-0.13917310096006535
5.0,2.0,1.0,-0.2575190374550272,-0.428583650351056,-0.8660254037844387
6.0,2.0,1.0,-0.44550326209418384,0.2269952498697734,0.8660254037844387
7.0,2.0,1.0,0.6155677071009429,0.7878907357521319,0.0174524064372836
8.0,2.0,1.0,-0.6879080722173524,-0.21031460369992455,0.6946583704589974
9.0,2.0,1.0,-0.19490504344652917,-0.6797146636928666,-0.7071067811865475
0.0,3.0,1.0,0.057214191104104965,0.4659721929481731,-0.882947592858927
1.0,3.0,1.0,0.9649803447637393,-0.1014235211828016,-0.24192189559966779
2.0,3.0,1.0,0.13547622075226862,0.8553631939770863,0.5000000000000001
3.0,3.0,1.0,0.8138058173194939,0.5489189548379108,-0.1908089953765448
4.0,3.0,1.0,-0.22600072269934823,0.21074908339515652,-0.9510565162951535
5.0,3.0,1.0,-0.5055753748422638,-0.8414187231316511,0.19080899537654492
6.0,3.0,1.0,-0.08061524809326441,-0.3491830022154061,0.9335804264972017
7.0,3.0,1.0,0.639244278580419,-0.14758117028322712,-0.754709580222772
8.0,3.0,1.0,0.16636567534280167,-0.6208851530148458,-0.7660444431189779
9.0,3.0,1.0,0.6608814262744511,0.5163371591734875,-0.5446390350150271
0.0,4.0,1.0,-0.5208408994679885,-0.8020246528124292,-0.29237170472273666
1.0,4.0,1.0,-0.5446681081399308,0.4104368588506714,0.7313537016191705
2.0,4.0,1.0,0.17318374458667007,-0.6463305338424855,0.7431448254773942
3.0,4.0,1.0,-0.3741730865709512,0.5547344136180311,0.7431448254773942
4.0,4.0,1.0,0.8781107135609145,0.46689974844332943,-0.10452846326765355
5.0,4.0,1.0,-0.7006292692220366,0.5090369604551273,0.5000000000000001
6.0,4.0,1.0,-0.1658827016725767,-0.22013378025099625,0.9612616959383189
7.0,4.0,1.0,-0.05860138204156154,-0.36999456462695957,0.9271838545667874
8.0,4.0,1.0,0.10953544027893539,-0.8920945717723703,-0.4383711467890775
9.0,4.0,1.0,0.007375705671716921,-0.015817251856638532,-0.9998476951563913
0.0,5.0,1.0,-0.17436941582062362,0.8203436038418747,-0.5446390350150271
1.0,5.0,1.0,0.31533781320548043,0.3045181864847423,-0.898794046299167
2.0,5.0,1.0,-0.1488455397226035,-0.8441450033599869,0.5150380749100542
3.0,5.0,1.0,0.6519432625723085,-0.3040061360200223,-0.6946583704589974
4.0,5.0,1.0,-0.24520354365098937,0.8020246528124292,-0.5446390350150271
5.0,5.0,1.0,-0.3487428554302572,-0.6291487655059025,0.6946583704589974
6.0,5.0,1.0,0.5749127846454443,-0.25596766327476067,-0.7771459614569709
7.0,5.0,1.0,0.0,0.0,1.0
8.0,5.0,1.0,0.959944320192276,0.05030855005664584,0.27563735581699916
9.0,5.0,1.0,-0.18591857318664962,0.9564681423308483,0.22495105434386492
0.0,6.0,1.0,-0.10260798098753954,0.019944971064355093,-0.9945218953682733
1.0,6.0,1.0,0.5235406424727543,0.8061818924767714,-0.27563735581699905
2.0,6.0,1.0,-0.6735179422261545,0.6064382790875887,-0.42261826174069933
3.0,6.0,1.0,-0.990128359101119,-0.06923651956680046,-0.12186934340514738
4.0,6.0,1.0,0.0501786078954274,0.7175875247389181,-0.6946583704589974
5.0,6.0,1.0,0.5877852522924729,-0.8090169943749476,6.123233995736766e-17
6.0,6.0,1.0,-0.4759023020307433,0.8585504797070659,0.19080899537654492
7.0,6.0,1.0,-0.5674549368026246,0.6302225544146036,0.5299192642332049
8.0,6.0,1.0,0.40624674701536917,0.11648938018618288,-0.9063077870366499
9.0,6.0,1.0,0.24188504972319258,-0.9701479455371519,-0.017452406437283473
0.0,7.0,1.0,-0.44062223512712895,-0.3201307926046367,0.838670567945424
1.0,7.0,1.0,-0.013563067180440523,0.010983155243871959,0.9998476951563913
2.0,7.0,1.0,-0.14700031243489606,0.9281234452935299,0.3420201433256688
3.0,7.0,1.0,0.7312423129080227,0.6818944884089277,0.0174524064372836
4.0,7.0,1.0,-0.0626139940084977,-0.23367860690452677,-0.9702957262759965
5.0,7.0,1.0,0.15737869562426274,0.89253893528903,-0.42261826174069933
6.0,7.0,1.0,0.21130913087034978,0.3659981507706668,0.9063077870366499
7.0,7.0,1.0,0.8754521391572586,-0.3716073858690828,0.30901699437494745
8.0,7.0,1.0,0.10661278062209463,-0.7585893512576422,0.6427876096865394
9.0,7.0,1.0,-0.003925937228904571,-0.017005102390954114,-0.9998476951563913
0.0,8.0,1.0,0.79559646081691,-0.5995249352960316,-0.08715574274765824
1.0,8.0,1.0,-0.9632873407929416,0.16985354835670544,-0.20791169081775934
2.0,8.0,1.0,0.2918194681479806,-0.5727279538981527,0.7660444431189781
3.0,8.0,1.0,-0.2600102890900471,0.19593180641220329,-0.9455185755993168
4.0,8.0,1.0,-0.4716712402156558,0.7263100172470603,0.5000000000000001
5.0,8.0,1.0,-0.03836130554948465,0.13378177105786726,-0.9902680687415704
6.0,8.0,1.0,-0.9653374103741355,-0.25866137953330093,-0.034899496702500955
7.0,8.0,1.0,0.12904574468675822,-0.7318547857410422,-0.6691306063588582
8.0,8.0,1.0,0.9061697519708839,0.42255389493243883,-0.017452406437283473
9.0,8.0,1.0,-0.6129760656099691,0.657336352754168,-0.4383711467890775
0.0,9.0,1.0,0.3318606833692001,-0.08274216140661587,0.9396926207859084
1.0,9.0,1.0,0.6780993441189508,0.2739699187456749,-0.6819983600624984
2.0,9.0,1.0,-0.10760424340287296,-0.05721419110410502,-0.992546151641322
3.0,9.0,1.0,-0.02741463729118243,-0.22327430329666131,-0.9743700647852351
4.0,9.0,1.0,0.019007628206560417,-0.5443072556305502,0.838670567945424
5.0,9.0,1.0,-0.44360716101878866,-0.6105728762178053,-0.6560590289905072
6.0,9.0,1.0,0.14179871756861945,0.12767613877503212,-0.981627183447664
7.0,9.0,1.0,-0.15405787400993656,-0.027164559778537233,0.9876883405951378
8.0,9.0,1.0,0.9374035767904598,0.06554964362940052,-0.3420201433256687
9.0,9.0,1.0,-0.2923717047227366,3.5805207234995444e-17,-0.9563047559630355
0.0,0.0,2.0,-0.0,-0.0,1.0
1.0,0.0,2.0,-0.7792918652449211,0.43196853462877144,0.4539904997395468
2.0,0.0,2.0,-0.9623739524133058,0.22218153358001888,0.15643446504023092
3.0,0.0,2.0,0.31147872842195595,-0.42871369041133106,0.848048096156426
4.0,0.0,2.0,-0.6997545376694319,0.6082873393227622,-0.37460659341591207
5.0,0.0,2.0,-0.48511796707892724,-0.5781410800983109,0.6560590289905074
6.0,0.0,2.0,-0.7975410078370098,-0.6009902565786431,-0.05233595624294384
7.0,0.0,2.0,0.7600936664873876,0.3544374975981803,-0.5446390350150271
8.0,0.0,2.0,-0.6485194577629617,0.24894329585587036,-0.7193398003386513
9.0,0.0,2.0,0.8029647720336145,0.3244188263233283,-0.4999999999999998
0.0,1.0,2.0,0.6398927812214059,0.19563485606329795,-0.743144825477394
1.0,1.0,2.0,-0.7431448254773942,9.100899318238092e-17,0.6691306063588582
2.0,1.0,2.0,0.3744030540282272,0.15892466754694645,-0.9135454576426008
3.0,1.0,2.0,-0.5693010845723744,0.06990138369076639,0.8191520442889918
4.0,1.0,2.0,-0.34615685778006333,0.9017694448716104,0.25881904510252074
5.0,1.0,2.0,0.5749127846454443,-0.25596766327476067,-0.7771459614569709
6.0,1.0,2.0,0.10966990016932557,-0.08568351666272066,0.9902680687415704
7.0,1.0,2.0,-0.16980057141421015,0.6337043596720595,-0.754709580222772
8.0,1.0,2.0,0.6524650689851083,0.06857684211324665,-0.754709580222772
9.0,1.0,2.0,0.5448608255822356,-0.8077893932798501,0.22495105434386492
0.0,2.0,2.0,-0.5852348149715908,-0.6499691096211959,0.48480962024633717
1.0,2.0,2.0,-0.1563391693908461,0.987086667544493,-0.034899496702500955
2.0,2.0,2.0,-0.919397242074888,0.35292353514329944,-0.1736481776669303
3.0,2.0,2.0,0.5331784777634263,-0.3078307376628295,-0.7880107536067219
4.0,2.0,2.0,0.13912007574598287,0.6545084971874738,-0.743144825477394
5.0,2.0,2.0,0.6784987421499371,0.44062223512712895,-0.587785252292473
6.0,2.0,2.0,0.6486189844400476,0.21074908339515644,-0.7313537016191705
7.0,2.0,2.0,0.10467508844779329,0.1162534632209719,0.9876883405951378
8.0,2.0,2.0,0.5993397458796931,-0.6894615088518676,0.40673664307580015
9.0,2.0,2.0,0.44950765243105917,-0.18161288029574243,0.8746197071393957
0.0,3.0,2.0,0.6202231142750924,0.3875584154562617,0.6819983600624985
1.0,3.0,2.0,-0.5623523469810419,0.3378953793186304,0.754709580222772
2.0,3.0,2.0,-0.12186934340514748,1.4924690131530345e-17,0.992546151641322
3.0,3.0,2.0,-0.4972609476841366,-0.5522642316338268,0.6691306063588582
4.0,3.0,2.0,0.9335804264972017,0.35836794954530027,6.123233995736766e-17
5.0,3.0,2.0,0.23824655840996276,0.04200929630861167,-0.9702957262759965
6.0,3.0,2.0,0.016181589471986387,-0.9270426399748211,-0.37460659341591207
7.0,3.0,2.0,0.7908632441629717,0.5959582007164423,-0.13917310096006535
8.0,3.0,2.0,-0.7386778859438295,0.49824452527227175,-0.45399049973954675
9.0,3.0,2.0,0.05213680212878224,0.004561379138762707,0.9986295347545738
0.0,4.0,2.0,-0.40193385173382273,-0.8619499266302465,-0.30901699437494734
1.0,4.0,2.0,0.06504975228868981,-0.1610037867077228,0.984807753012208
2.0,4.0,2.0,-0.3696302603154111,0.20488939898367564,-0.9063077870366499
3.0,4.0,2.0,0.1001127506571244,-0.7123392348503028,0.6946583704589974
4.0,4.0,2.0,0.5047245472650167,0.3277719534670777,-0.7986355100472929
5.0,4.0,2.0,-0.5221105420267809,0.6682710193469711,0.5299192642332049
6.0,4.0,2.0,0.6236940705820123,-0.155504397003347,0.7660444431189781
7.0,4.0,2.0,0.42343401218352605,0.11345880161244597,0.898794046299167
8.0,4.0,2.0,0.01960577622320836,-0.08492194670744098,0.9961946980917455
9.0,4.0,2.0,-0.8654978445076764,0.030223850723657235,0.5000000000000001
0.0,5.0,2.0,-0.587215701058083,0.26144527457462086,0.7660444431189781
1.0,5.0,2.0,0.23375373483019773,-0.8151961511485886,-0.5299192642332048
2.0,5.0,2.0,-0.30783073766282903,0.5331784777634265,0.7880107536067219
3.0,5.0,2.0,0.20124140822454858,0.334921946707441,-0.9205048534524404
4.0,5.0,2.0,-0.08180389626013783,-0.11259340383655313,-0.9902680687415704
5.0,5.0,2.0,-0.40830994553732,-0.42281732602607136,0.8090169943749475
6.0,5.0,2.0,-0.18205540156851002,0.5287272775749069,-0.8290375725550416
7.0,5.0,2.0,0.5869797130324322,0.030762303244226578,0.8090169943749475
8.0,5.0,2.0,-0.401729040058774,0.9022981971172461,-0.1564344650402308
9.0,5.0,2.0,-0.8639158094271042,0.060410878340834896,0.5000000000000001
0.0,6.0,2.0,-0.2704637247666294,-0.7045820917858994,0.6560590289905074
1.0,6.0,2.0,0.7164465210786753,-0.39713279151575653,0.5735764363510462
2.0,6.0,2.0,-0.4515034922801636,-0.04745492927588886,0.8910065241883679
3.0,6.0,2.0,0.4047456806244184,-0.6232536928488295,0.6691306063588582
4.0,6.0,2.0,0.4704087025825098,0.11728606233494894,-0.8746197071393957
5.0,6.0,2.0,0.06857684211324633,-0.6524650689851084,0.754709580222772
6.0,6.0,2.0,-0.6064382790875886,0.6735179422261547,-0.42261826174069933
7.0,6.0,2.0,0.5049805198327683,-0.20402537354830907,0.838670567945424
8.0,6.0,2.0,0.0,0.0,1.0
9.0,6.0,2.0,0.43677705887554213,0.27292859770842215,0.8571673007021123
0.0,7.0,2.0,-0.26761656732981737,0.823639103546332,0.5000000000000001
1.0,7.0,2.0,-0.3223997475580458,-0.936316853818016,-0.13917310096006535
2.0,7.0,2.0,0.48907380036690273,-0.10395584540887992,0.8660254037844387
3.0,7.0,2.0,0.9842078347376879,0.034369294928846945,-0.1736481776669303
4.0,7.0,2.0,-0.13494997998821745,-0.10928033907444427,0.984807753012208
5.0,7.0,2.0,0.7519700490946165,-0.6309777908516542,0.19080899537654492
6.0,7.0,2.0,-0.1488455397226035,-0.8441450033599869,-0.5150380749100542
7.0,7.0,2.0,0.23321808610641923,-0.20273338927119308,0.9510565162951535
8.0,7.0,2.0,0.3715724127386972,-0.16543469682057088,0.9135454576426009
9.0,7.0,2.0,0.3105629408686412,-0.2094773486315293,0.9271838545667874
0.0,8.0,2.0,-0.11920589720638465,0.5163374678218521,0.848048096156426
1.0,8.0,2.0,-0.25417049972150746,0.6983277086763391,-0.6691306063588582
2.0,8.0,2.0,-0.5065235487181533,0.6036512589184276,-0.6156614753256582
3.0,8.0,2.0,0.22585354647294925,0.9058490979651569,0.3583679495453004
4.0,8.0,2.0,-0.9305475967963663,-0.338691626801825,-0.13917310096006535
5.0,8.0,2.0,-0.205351952894122,-0.03252455412868603,-0.9781476007338057
6.0,8.0,2.0,0.7685925933281745,-0.48026995567528585,-0.42261826174069933
7.0,8.0,2.0,0.23375373483019754,0.8151961511485887,-0.5299192642332048
8.0,8.0,2.0,0.23456971600980472,0.10938165494661511,-0.9659258262890682
9.0,8.0,2.0,0.6124838680922978,0.2351105290000088,0.754709580222772
0.0,9.0,2.0,0.3019858622586644,-0.16056873119135606,0.9396926207859084
1.0,9.0,2.0,-0.9088907895217828,0.26062024005405116,0.32556815445715676
2.0,9.0,2.0,-0.051839162506496464,0.7413345620328596,-0.6691306063588582
3.0,9.0,2.0,-0.15242505983589355,-0.9623739524133058,0.22495105434386492
4.0,9.0,2.0,0.7913380320007296,0.5749407342765973,-0.20791169081775934
5.0,9.0,2.0,0.05831857499239715,0.6665843623856095,-0.743144825477394
6.0,9.0,2.0,0.9848432766475461,0.13841069615108434,-0.10452846326765355
7.0,9.0,2.0,0.01442574459295924,-0.2752596044005108,0.9612616959383189
8.0,9.0,2.0,0.5183392568923327,-0.82951621056228,-0.20791169081775934
9.0,9.0,2.0,0.06512327850898128,-0.9313062714998428,0.3583679495453004
0.0,0.0,3.0,-0.12186934340514717,-0.9925461516413221,6.123233995736766e-17
1.0,0.0,3.0,-0.6133186975387627,-0.7850121347822974,0.08715574274765812
2.0,0.0,3.0,0.1718943330829418,-0.3860809933300278,0.9063077870366499
3.0,0.0,3.0,0.6839991695070596,0.31895405091280093,-0.6560590289905072
4.0,0.0,3.0,-0.0313071357972719,0.22276184614647943,-0.9743700647852351
5.0,0.0,3.0,0.16187734469409007,0.6492545676704664,-0.743144825477394
6.0,0.0,3.0,-0.7540334324835053,0.3200682026693333,0.5735764363510462
7.0,0.0,3.0,0.49591123561125927,0.3874483204062631,-0.7771459614569709
8.0,0.0,3.0,-0.18426911603074125,-0.12902662410396473,-0.9743700647852351
9.0,0.0,3.0,-0.26684324711116797,0.3069680411569567,0.9135454576426009
0.0,1.0,3.0,-1.1055162626729192e-16,-0.6018150231520483,0.7986355100472928
1.0,1.0,3.0,0.08669705367616509,0.34772288987809674,-0.9335804264972017
2.0,1.0,3.0,0.48514786313799824,0.6209609477998338,0.6156614753256583
3.0,1.0,3.0,0.15224638194230086,-0.1880086241532967,-0.9702957262759965
4.0,1.0,3.0,-0.1634921824565989,0.242387128367117,-0.9563047559630355
5.0,1.0,3.0,-0.2576680951131587,0.5282978852629286,0.8090169943749475
6.0,1.0,3.0,0.1949050434465294,0.19490504344652934,0.9612616959383189
7.0,1.0,3.0,0.3590926210495823,-0.2514393601744004,-0.898794046299167
8.0,1.0,3.0,-0.3051005797981479,0.5504160161168589,0.7771459614569709
9.0,1.0,3.0,0.5291930282986915,0.8468858757141937,-0.05233595624294384
0.0,2.0,3.0,-0.7976231086694527,0.517982503279746,0.30901699437494745
1.0,2.0,3.0,0.9972609476841365,0.052264231633826735,-0.05233595624294384
2.0,2.0,3.0,-0.6955587036414936,0.22600072269934832,-0.6819983600624984
3.0,2.0,3.0,-0.28230107154560247,-0.8688333604228338,0.40673664307580015
4.0,2.0,3.0,0.7736667993756825,-0.5621018322522249,-0.29237170472273666
5.0,2.0,3.0,-0.836516303737808,-0.22414386804201344,-0.4999999999999998
6.0,2.0,3.0,0.19024985865758065,-0.5855288579403553,0.7880107536067219
7.0,2.0,3.0,0.14399868431676865,0.9091719112162112,-0.3907311284892738
8.0,2.0,3.0,-1.8344526949067989e-16,-0.9986295347545738,0.052335956242943966
9.0,2.0,3.0,0.8448210171178304,-0.07391226170625087,-0.5299192642332048
0.0,3.0,3.0,0.4822456651582975,-0.5171451618607984,-0.7071067811865475
1.0,3.0,3.0,-0.777601809899355,0.31417152445622365,0.5446390350150271
2.0,3.0,3.0,0.1070824369900732,-0.5037832572598275,0.8571673007021123
3.0,3.0,3.0,-0.028935714736957996,-0.1361318347907717,0.9902680687415704
4.0,3.0,3.0,-0.3562720417153324,0.8818042466894013,-0.30901699437494734
5.0,3.0,3.0,0.7191855733945386,-0.4493970231495835,0.5299192642332049
6.0,3.0,3.0,-0.07962073289459025,-0.9100691413693562,0.40673664307580015
7.0,3.0,3.0,0.9887692138764508,0.08650609705762918,-0.12186934340514738
8.0,3.0,3.0,0.5108481369116783,-0.7573635086227064,-0.40673664307580026
9.0,3.0,3.0,0.06823212742846688,0.014503186401625727,0.9975640502598242
0.0,4.0,3.0,-0.775252872954081,-0.6277873982067724,0.06975647374412523
1.0,4.0,3.0,-0.45260877203952166,0.8165278392140549,0.3583679495453004
2.0,4.0,3.0,0.09201951454469656,0.14726200647147308,0.984807753012208
3.0,4.0,3.0,0.28050984011500907,-0.46684677150083403,0.838670567945424
4.0,4.0,3.0,0.30696804115695653,0.6894615088518673,0.6560590289905074
5.0,4.0,3.0,0.1971898374698486,0.44289562639747554,0.8746197071393957
6.0,4.0,3.0,-0.09275245049666289,-0.3461568577800633,-0.9335804264972017
7.0,4.0,3.0,-0.4608460478862871,-0.8667253587100032,0.19080899537654492
8.0,4.0,3.0,0.07344153277601201,0.46369158880460254,0.882947592858927
9.0,4.0,3.0,0.07765633540864642,0.8876159753616066,0.4539904997395468
0.0,5.0,3.0,0.21512176312793724,-0.9317947270221314,0.29237170472273677
1.0,5.0,3.0,0.12140559376013021,-0.01062161314264507,-0.992546151641322
2.0,5.0,3.0,-0.3411869994463997,-0.023858119147858972,0.9396926207859084
3.0,5.0,3.0,0.13876069875334704,-0.5565387648840362,0.8191520442889918
4.0,5.0,3.0,0.28239779798968784,0.7356714154365448,0.6156614753256583
5.0,5.0,3.0,-0.36477893358074914,0.14002551334022229,0.9205048534524404
6.0,5.0,3.0,-0.0560610984746836,-0.1460441545911204,-0.9876883405951377
7.0,5.0,3.0,-0.24615153938604173,0.918650051349999,-0.30901699437494734
8.0,5.0,3.0,-0.4382894618139597,-0.16824356132540746,0.882947592858927
9.0,5.0,3.0,-0.5590320207484465,0.45269520444683187,-0.6946583704589974
0.0,6.0,3.0,0.713977950548565,0.08766546915246129,0.6946583704589974
1.0,6.0,3.0,0.3449322357974877,-0.7747304861061587,0.5299192642332049
2.0,6.0,3.0,0.7285706799827903,-0.679403150401526,0.08715574274765812
3.0,6.0,3.0,0.2710823241510895,-0.10952436831738735,-0.9563047559630355
4.0,6.0,3.0,-0.9491766053274044,0.2901924103713651,0.12186934340514748
5.0,6.0,3.0,-0.9814776768730069,-0.017131756575414617,-0.1908089953765448
6.0,6.0,3.0,-0.8376072168376062,0.5233950787398904,-0.1564344650402308
7.0,6.0,3.0,0.2998378689886652,0.07475797705169916,-0.9510565162951535
8.0,6.0,3.0,-0.5819581232042503,-0.4228173260260712,-0.6946583704589974
9.0,6.0,3.0,0.004810535163016427,0.2755953749126288,-0.9612616959383189
0.0,7.0,3.0,-0.2948885259621099,-0.6947138315421155,-0.6560590289905072
1.0,7.0,3.0,0.4982445252722718,-0.7386778859438295,-0.45399049973954675
2.0,7.0,3.0,0.7135919272833936,0.2457094051842633,0.6560590289905074
3.0,7.0,3.0,-0.562352346981042,-0.3378953793186303,0.754709580222772
4.0,7.0,3.0,-0.10047920787449084,-0.02881194922271031,0.9945218953682733
5.0,7.0,3.0,0.4474311818757212,-0.4798111993328862,-0.754709580222772
6.0,7.0,3.0,-0.0,-0.0,1.0
7.0,7.0,3.0,-0.0024289055230921524,-0.13915190422268917,0.9902680687415704
8.0,7.0,3.0,-0.9330117145258785,-0.3581496414732154,-0.034899496702500955
9.0,7.0,3.0,0.242403876506104,-0.34618861305875415,0.9063077870366499
0.0,8.0,3.0,0.43041344951996713,-0.4951340343707853,-0.754709580222772
1.0,8.0,3.0,-0.6794784183941232,-0.14442759634283966,-0.7193398003386513
2.0,8.0,3.0,0.5747695027124246,0.22063334052649064,0.7880107536067219
3.0,8.0,3.0,-0.6117902945492196,0.46101705427114564,-0.6427876096865393
4.0,8.0,3.0,0.710672930973352,0.21727451948070645,0.6691306063588582
5.0,8.0,3.0,0.6772813238185229,0.42321234187477175,-0.6018150231520484
6.0,8.0,3.0,-0.37912474409613967,-0.8931619253212152,0.24192189559966767
7.0,8.0,3.0,0.3600949692966561,-0.10325557088077565,-0.9271838545667873
8.0,8.0,3.0,-0.28760623847595074,0.645974188021251,0.7071067811865476
9.0,8.0,3.0,0.20788002486020485,-0.0036285593312143714,-0.9781476007338057
0.0,9.0,3.0,-0.7166024952237392,0.6920149856363046,-0.08715574274765824
1.0,9.0,3.0,0.7273472695189003,-0.6782623016874099,0.10452846326765344
2.0,9.0,3.0,0.0796207328945902,0.03544943422996051,-0.9961946980917455
3.0,9.0,3.0,0.8487437005362284,-0.24337333982061873,0.46947156278589086
4.0,9.0,3.0,0.7628676012727333,0.14828644016654366,-0.6293203910498373
5.0,9.0,3.0,-1.6219484151143178e-16,-0.8829475928589269,0.46947156278589086
6.0,9.0,3.0,0.6948288910247248,-0.670988460474225,-0.25881904510252085
7.0,9.0,3.0,0.8648385460668958,0.04532426763774015,0.5000000000000001
8.0,9.0,3.0,0.23949687961588711,-0.16769752048474765,-0.9563047559630355
9.0,9.0,3.0,-0.2338223930133096,0.3891458112061503,0.8910065241883679
0.0,0.0,4.0,0.6419066916072733,-0.033640904214061525,0.7660444431189781
1.0,0.0,4.0,-0.038361305549484685,0.27295487201793284,0.9612616959383189
2.0,0.0,4.0,-0.48687858120015937,0.35373799521682725,-0.7986355100472929
3.0,0.0,4.0,0.4504624502434698,-0.24969541350954774,0.8571673007021123
4.0,0.0,4.0,-0.5547788420001426,0.4180558433005454,-0.7193398003386513
5.0,0.0,4.0,-0.05232798522331311,0.0009133883796357367,-0.9986295347545738
6.0,0.0,4.0,-0.29181946814798065,0.3477768995542877,0.8910065241883679
7.0,0.0,4.0,-0.21918557339453873,0.4493970231495834,0.8660254037844387
8.0,0.0,4.0,0.2668489204277954,-0.36728602957406864,-0.8910065241883678
9.0,0.0,4.0,-0.06318326565516247,-0.12400414094694458,-0.9902680687415704
0.0,1.0,4.0,0.034878236872062825,-0.0012179748700878767,-0.9993908270190958
1.0,1.0,4.0,-0.35191149668450467,-0.43457450660768854,-0.8290375725550416
2.0,1.0,4.0,0.1534162501568459,0.16451878627752084,0.9743700647852352
3.0,1.0,4.0,0.8077893932798503,-0.5448608255822351,-0.22495105434386503
4.0,1.0,4.0,0.8261268635411264,-0.42093266148521524,-0.37460659341591207
5.0,1.0,4.0,-0.08555444627467293,-0.9778917956532961,0.19080899537654492
6.0,1.0,4.0,-0.16181624651768492,0.7009031678585697,-0.6946583704589974
7.0,1.0,4.0,-0.6984011233337104,-0.11061587104123707,-0.7071067811865475
8.0,1.0,4.0,-0.16805306977561688,0.17402404807821298,0.9702957262759965
9.0,1.0,4.0,-0.4405050416671861,0.8645398225040036,0.24192189559966767
0.0,2.0,4.0,0.0,-0.0,1.0
1.0,2.0,4.0,0.19481332766988077,-0.843829228791103,0.5000000000000001
2.0,2.0,4.0,-0.01713175657541442,0.0033300761392011987,-0.9998476951563913
3.0,2.0,4.0,-0.5579931729023165,-0.7404819505995612,0.37460659341591196
4.0,2.0,4.0,0.15526842625974988,-0.9803262614787073,0.12186934340514748
5.0,2.0,4.0,0.1135754503993011,0.45552625097926297,0.882947592858927
6.0,2.0,4.0,-0.25778832927368805,0.6715615575965698,0.6946583704589974
7.0,2.0,4.0,-0.666960248821294,0.6440760255292564,0.37460659341591196
8.0,2.0,4.0,0.7303514067889878,-0.6810637050125949,0.052335956242943966
9.0,2.0,4.0,-0.019515550890739267,0.5588522582628391,0.8290375725550416
0.0,3.0,4.0,-0.9839298882679103,0.1558391846718966,-0.08715574274765824
1.0,3.0,4.0,0.959944320192276,0.2752596044005108,-0.05233595624294384
2.0,3.0,4.0,-0.212695400482776,-0.9212849957623495,0.32556815445715676
3.0,3.0,4.0,-0.3569506475909435,0.8409230276094448,-0.40673664307580026
4.0,3.0,4.0,0.23473578139294518,-0.4414737964294635,-0.8660254037844387
5.0,3.0,4.0,0.20336832153790005,0.4567727288213004,0.8660254037844387
6.0,3.0,4.0,0.46597219294817316,-0.057214191104104854,-0.882947592858927
7.0,3.0,4.0,-0.0,-0.0,1.0
8.0,3.0,4.0,-0.03602064909444083,-0.13443089254206314,0.9902680687415704
9.0,3.0,4.0,0.6236940705820123,0.15550439700334692,0.7660444431189781
0.0,4.0,4.0,-0.943967485242157,-0.30671362855862194,0.12186934340514748
1.0,4.0,4.0,-0.4531538935183249,0.21130913087034972,0.8660254037844387
2.0,4.0,4.0,0.0841863070711728,-0.4774442727534972,-0.8746197071393957
3.0,4.0,4.0,0.5321391845561991,-0.4465177934960855,-0.7193398003386513
4.0,4.0,4.0,0.21743795943438995,-0.1060515788074139,-0.9702957262759965
5.0,4.0,4.0,-0.22699524986977326,0.39316730585124016,0.8910065241883679
6.0,4.0,4.0,0.5189835736296162,-0.2759484609762465,0.8090169943749475
7.0,4.0,4.0,0.7981572304628226,-0.18426911603074136,-0.5735764363510462
8.0,4.0,4.0,-0.0986120516641322,0.2021846683529862,0.9743700647852352
9.0,4.0,4.0,-0.2487928342363856,-0.0713401972271395,-0.9659258262890682
0.0,5.0,4.0,-0.4156269377774534,0.41562693777745346,0.8090169943749475
1.0,5.0,4.0,-0.20736753823190537,0.12459898738824403,0.9702957262759965
2.0,5.0,4.0,0.05939117461388457,-0.33682408883346515,0.9396926207859084
3.0,5.0,4.0,-0.3834080440230243,-0.7861029855528099,-0.48480962024633695
4.0,5.0,4.0,0.5674549368026247,0.35458519859760446,-0.743144825477394
5.0,5.0,4.0,-0.9170020545770403,0.3892442785804191,0.08715574274765812
6.0,5.0,4.0,0.6409364552100958,-0.618945140161027,0.4539904997395468
7.0,5.0,4.0,-0.14219812244012411,0.5703255182674452,-0.8090169943749473
8.0,5.0,4.0,0.24015130920006186,0.7391097307561143,0.6293203910498375
9.0,5.0,4.0,-0.062153473210390234,-0.031668776375164014,0.9975640502598242
0.0,6.0,4.0,0.10224426555364698,0.021732689536559883,0.9945218953682733
1.0,6.0,4.0,0.46832795365450264,0.8807967768995133,-0.06975647374412534
2.0,6.0,4.0,-0.6519432625723085,0.3040061360200226,-0.6946583704589974
3.0,6.0,4.0,0.8774701330051642,0.44709336393739246,-0.1736481776669303
4.0,6.0,4.0,0.005470597079718085,-0.10438521064158734,0.9945218953682733
5.0,6.0,4.0,0.3353132718172942,-0.5163371591734878,-0.7880107536067219
6.0,6.0,4.0,-0.6229665410464978,0.3596699001693255,0.6946583704589974
7.0,6.0,4.0,0.3859205799164361,-0.9091719112162114,0.15643446504023092
8.0,6.0,4.0,-0.39631200926429644,-0.8901313467474785,0.22495105434386492
9.0,6.0,4.0,0.06698729810778055,-0.25,0.9659258262890683
0.0,7.0,4.0,0.06322083535051833,0.9041000668182988,-0.42261826174069933
1.0,7.0,4.0,0.5279798934870926,-0.7540334324835053,0.3907311284892737
2.0,7.0,4.0,-0.3656768508095852,0.6333708847539863,-0.6819983600624984
3.0,7.0,4.0,-0.07470705275169791,0.8539055203370572,0.5150380749100542
4.0,7.0,4.0,-0.4155613126579656,-0.3741730865709514,-0.8290375725550416
5.0,7.0,4.0,-0.016857730108665692,0.9657787111071577,-0.25881904510252085
6.0,7.0,4.0,0.32139380484326957,-0.383022221559489,-0.8660254037844387
7.0,7.0,4.0,-0.696364240320019,-0.12278780396897294,-0.7071067811865475
8.0,7.0,4.0,-0.3884480310972245,0.4022497115334377,0.8290375725550416
9.0,7.0,4.0,0.2347357813929454,-0.05852620357053657,0.9702957262759965
0.0,8.0,4.0,-0.12007999158619367,-0.6177580029524343,0.7771459614569709
1.0,8.0,4.0,0.869828448870716,0.09142265393088617,0.48480962024633717
2.0,8.0,4.0,0.042515556255357294,-0.40450849718747395,-0.9135454576426008
3.0,8.0,4.0,0.01738599476176417,0.9960429728140489,-0.08715574274765824
4.0,8.0,4.0,-0.8695336349509377,-0.4623392348503029,-0.1736481776669303
5.0,8.0,4.0,-0.44649398900279064,0.1450746912766054,-0.882947592858927
6.0,8.0,4.0,0.6797071732140603,-0.3767678384499285,-0.6293203910498373
7.0,8.0,4.0,-0.1290457446867585,-0.7318547857410421,-0.6691306063588582
8.0,8.0,4.0,-0.6087486029925935,-0.4262503606900439,-0.6691306063588582
9.0,8.0,4.0,0.8649916181868723,0.3671671581527212,-0.3420201433256687
0.0,9.0,4.0,-0.6469123736935779,-0.5623523469810419,-0.5150380749100542
1.0,9.0,4.0,-0.6080816609327537,0.7783090336009473,0.15643446504023092
2.0,9.0,4.0,-0.2452035436509893,0.15923704312588977,-0.9563047559630355
3.0,9.0,4.0,0.8471006708862742,0.18005680599195545,-0.4999999999999998
4.0,9.0,4.0,0.02128695115441693,0.04781127509712323,-0.9986295347545738
5.0,9.0,4.0,0.7969045380297319,0.2900495313944813,0.5299192642332049
6.0,9.0,4.0,0.0,0.0,1.0
7.0,9.0,4.0,-0.021555935854604615,-0.06634234890812236,-0.9975640502598242
8.0,9.0,4.0,-0.3089699295899467,-0.005393090181859374,0.9510565162951535
9.0,9.0,4.0,0.9984774386394599,-0.01742848852081221,0.052335956242943966
0.0,0.0,5.0,0.41933528397271214,0.7263100172470603,0.5446390350150271
1.0,0.0,5.0,-0.1056900367061869,0.3252804860140798,-0.9396926207859083
2.0,0.0,5.0,0.24350871461468657,-0.1902498586575808,-0.9510565162951535
3.0,0.0,5.0,0.7051533011679185,-0.5313711260384404,-0.4694715627858909
4.0,0.0,5.0,0.5198367907256845,-0.7424038765061041,-0.42261826174069933
5.0,0.0,5.0,0.22600072269934815,0.21074908339515644,0.9510565162951535
6.0,0.0,5.0,0.43510359473609184,0.8920945717723704,0.12186934340514748
7.0,0.0,5.0,0.919397242074888,-0.16211453976675474,0.3583679495453004
8.0,0.0,5.0,0.492403876506104,-0.5868240888334653,-0.6427876096865393
9.0,0.0,5.0,0.0667651724177505,-0.7631294127377698,-0.6427876096865393
0.0,1.0,5.0,0.03154210708739154,-0.25688984718798896,-0.9659258262890682
1.0,1.0,5.0,0.06526051994651283,-0.1793018049349118,-0.981627183447664
2.0,1.0,5.0,0.5450074457687163,0.31466019552491864,-0.7771459614569709
3.0,1.0,5.0,0.12400414094694472,-0.8823353099441544,-0.45399049973954675
4.0,1.0,5.0,-0.7646550456261504,0.4065742997269624,0.5000000000000001
5.0,1.0,5.0,-0.9564681423308483,-0.18591857318664956,-0.22495105434386503
6.0,1.0,5.0,0.7240980717452209,-0.16717121202132765,0.6691306063588582
7.0,1.0,5.0,-0.7653393680649515,0.6197596002345545,-0.1736481776669303
8.0,1.0,5.0,-0.0,-0.0,1.0
9.0,1.0,5.0,-0.27496591707171386,0.958920110759857,-0.06975647374412534
0.0,2.0,5.0,0.04100182651872398,0.05643417272666718,0.9975640502598242
1.0,2.0,5.0,-0.5393386453656035,-0.07579910340693906,-0.8386705679454239
2.0,2.0,5.0,0.45552625097926297,-0.1135754503993012,0.882947592858927
3.0,2.0,5.0,-0.43215085210231446,-0.1834371535209539,-0.882947592858927
4.0,2.0,5.0,-0.02533806124621442,-0.11920620585474924,0.992546151641322
5.0,2.0,5.0,0.6485194577629617,-0.24894329585587077,0.7193398003386512
6.0,2.0,5.0,-0.2729285977084221,0.4367770588755422,0.8571673007021123
7.0,2.0,5.0,0.514178397356799,-0.8228574433770757,0.24192189559966767
8.0,2.0,5.0,-0.7749126222511389,-0.5839385449731224,0.24192189559966767
9.0,2.0,5.0,-0.8318127717550813,-0.46108134849785753,0.30901699437494745
0.0,3.0,5.0,-0.31205175409238545,-0.2351478631379983,0.9205048534524404
1.0,3.0,5.0,0.18791017799129217,-0.9667140608267963,-0.1736481776669303
2.0,3.0,5.0,0.9402558215593756,-0.19985754452088325,-0.27563735581699905
3.0,3.0,5.0,0.6606593698240022,-0.684132804542529,-0.30901699437494734
4.0,3.0,5.0,-0.0404882188628362,-0.15110408990407337,0.9876883405951378
5.0,3.0,5.0,-0.4148535739460705,-0.08063936595052451,-0.9063077870366499
6.0,3.0,5.0,0.7661636878050825,-0.34111805145259655,-0.5446390350150271
7.0,3.0,5.0,-0.2496954135095479,0.415562953540969,-0.8746197071393957
8.0,3.0,5.0,-0.08426323885239126,-0.24471821486331075,0.9659258262890683
9.0,3.0,5.0,0.13915190422268917,-0.9901172461182299,-0.017452406437283473
0.0,4.0,5.0,0.3648479290379476,-0.6861791559684692,-0.6293203910498373
1.0,4.0,5.0,-0.7661636878050823,0.34111805145259677,-0.5446390350150271
2.0,4.0,5.0,-0.029265895327409707,-0.04338847412099704,0.9986295347545738
3.0,4.0,5.0,0.05213516124577892,0.37096094779983385,0.9271838545667874
4.0,4.0,5.0,0.25417049972150746,-0.22885614589044828,0.9396926207859084
5.0,4.0,5.0,0.13013142193197652,0.13954886507087136,-0.981627183447664
6.0,4.0,5.0,0.027871977349395925,-0.7981490028729813,0.6018150231520484
7.0,4.0,5.0,-0.04287110554622667,0.030018671274852,0.9986295347545738
8.0,4.0,5.0,0.5869797130324323,-0.030762303244226897,-0.8090169943749473
9.0,4.0,5.0,6.063643103410976e-17,0.9902680687415704,0.13917310096006547
0.0,5.0,5.0,-0.7009031678585699,0.676854321427739,0.22495105434386492
1.0,5.0,5.0,0.2176644959487632,-0.36225455464369416,0.9063077870366499
2.0,5.0,5.0,0.26624524067366906,-0.9285074979292517,-0.25881904510252085
3.0,5.0,5.0,-0.618449525877659,0.34281217006065995,-0.7071067811865475
4.0,5.0,5.0,0.15450849718747378,-0.7269053280384559,-0.6691306063588582
5.0,5.0,5.0,-0.0036479907591269434,-0.10446478735209537,0.9945218953682733
6.0,5.0,5.0,0.20289277358100666,-0.8137584678309078,0.5446390350150271
7.0,5.0,5.0,-0.08426323885239126,0.24471821486331075,0.9659258262890683
8.0,5.0,5.0,0.11215471348707574,0.1543677199392355,0.981627183447664
9.0,5.0,5.0,-0.6306444148430617,0.7254734110258386,-0.27563735581699905
0.0,6.0,5.0,-0.4382894618139597,-0.16824356132540746,0.882947592858927
1.0,6.0,5.0,0.20289277358100666,-0.8137584678309078,0.5446390350150271
2.0,6.0,5.0,0.840313947408536,-0.3395088726881135,0.42261826174069944
3.0,6.0,5.0,-0.21115046473962054,-0.7363691805566741,-0.6427876096865393
4.0,6.0,5.0,-0.030762303244226567,-0.04234067801740516,-0.9986295347545738
5.0,6.0,5.0,-0.5093910906471967,0.14606554478973033,0.848048096156426
6.0,6.0,5.0,0.14290999495625298,-0.9022981971172461,0.40673664307580015
7.0,6.0,5.0,0.3528168834124206,-0.2857054788290029,0.8910065241883679
8.0,6.0,5.0,-0.5578307376628292,0.03900732508885848,0.8290375725550416
9.0,6.0,5.0,-0.08123387308576041,-0.06578189337943843,-0.9945218953682733
0.0,7.0,5.0,-0.9778917956532961,0.08555444627467287,0.19080899537654492
1.0,7.0,5.0,-0.74328964929582,0.6236940705820125,-0.24192189559966779
2.0,7.0,5.0,0.5122166424463738,0.053836138494678554,0.8571673007021123
3.0,7.0,5.0,-0.11161889704894959,0.13302222155948895,-0.9848077530122081
4.0,7.0,5.0,-0.9266190392142547,-0.37437839320073446,0.03489949670250108
5.0,7.0,5.0,0.3401465211943727,0.03575083998841475,-0.9396926207859083
6.0,7.0,5.0,0.063741675075868,-0.05944007362393186,-0.9961946980917455
7.0,7.0,5.0,-0.27224380257292347,-0.043119182302336,0.9612616959383189
8.0,7.0,5.0,0.08650609705762921,-0.010621613142645028,-0.9961946980917455
9.0,7.0,5.0,-0.12172353680337399,0.06747245822495447,0.9902680687415704
0.0,8.0,5.0,-0.37667500256027986,0.35125512245840335,-0.8571673007021121
1.0,8.0,5.0,-0.610626885893996,0.15224638194230083,0.7771459614569709
2.0,8.0,5.0,-0.5374120947718249,-0.6182218954839703,0.5735764363510462
3.0,8.0,5.0,-0.6535976689524102,0.3773547901113859,0.6560590289905074
4.0,8.0,5.0,0.10220823144873101,0.06637480159009451,-0.992546151641322
5.0,8.0,5.0,0.4762882797120395,-0.7622205798007393,0.4383711467890774
6.0,8.0,5.0,0.38119201772911854,0.3681128525670689,0.848048096156426
7.0,8.0,5.0,0.9034201924420648,0.36500545069563844,-0.22495105434386503
8.0,8.0,5.0,0.3981344650201567,0.24878202512991213,0.882947592858927
9.0,8.0,5.0,0.07147830775111995,-0.17691501981924113,0.981627183447664
0.0,9.0,5.0,-0.4449967160503098,0.44499671605030994,-0.7771459614569709
1.0,9.0,5.0,-0.4806308479691592,0.832477048367497,0.27563735581699916
2.0,9.0,5.0,0.480887724943527,-0.25569253892270427,0.838670567945424
3.0,9.0,5.0,-0.4045084971874738,-0.7938926261462365,0.4539904997395468
4.0,9.0,5.0,-0.0,0.0,1.0
5.0,9.0,5.0,0.19447069574108733,0.24015130920006184,0.9510565162951535
6.0,9.0,5.0,-0.6517694448716104,-0.5277924897814037,0.5446390350150271
7.0,9.0,5.0,-0.2332945542688049,0.3331791526627837,0.9135454576426009
8.0,9.0,5.0,0.479321871639797,0.2880056365069372,-0.8290375725550416
9.0,9.0,5.0,0.611327344786169,0.7285515593999962,0.30901699437494745
0.0,0.0,6.0,-0.29883623873011994,-0.29883623873011983,-0.9063077870366499
1.0,0.0,6.0,-0.20395219077900945,-0.7611599383022444,-0.6156614753256582
2.0,0.0,6.0,-0.0313071357972719,-0.1356061033988209,-0.9902680687415704
3.0,0.0,6.0,0.7655777895420581,0.026734565516599966,0.6427876096865394
4.0,0.0,6.0,0.5540322932223235,0.7912401152362237,0.25881904510252074
5.0,0.0,6.0,-0.7766725451350324,-0.628937026071278,-0.034899496702500955
6.0,0.0,6.0,0.06857684211324662,0.6524650689851083,0.754709580222772
7.0,0.0,6.0,0.03592723994968814,-0.059792968305749844,-0.9975640502598242
8.0,0.0,6.0,0.5279798934870926,0.7540334324835052,-0.3907311284892738
9.0,0.0,6.0,-0.0646770762070652,0.02613123499799339,-0.9975640502598242
0.0,1.0,6.0,0.9224278206486249,-0.17930180493491152,0.3420201433256688
1.0,1.0,6.0,-0.01713175657541442,0.0033300761392011987,-0.9998476951563913
2.0,1.0,6.0,0.882947592858927,0.4694715627858908,6.123233995736766e-17
3.0,1.0,6.0,0.9466579708337202,-0.16692134176071202,-0.27563735581699905
4.0,1.0,6.0,-0.024471741852423245,-0.1545084971874737,0.9876883405951378
5.0,1.0,6.0,0.1226496580447794,-0.6309777908516541,-0.7660444431189779
6.0,1.0,6.0,-0.7574428850332228,0.43730985356969787,-0.48480962024633695
7.0,1.0,6.0,0.21031460369992452,-0.6879080722173524,0.6946583704589974
8.0,1.0,6.0,0.73090818070466,-0.6815829050885271,0.03489949670250108
9.0,1.0,6.0,-0.2033683215379001,0.9567727288213005,0.20791169081775945
0.0,2.0,6.0,-0.7032331762534041,0.7032331762534042,0.10452846326765344
1.0,2.0,6.0,0.5674549368026243,-0.630222554414604,0.5299192642332049
2.0,2.0,6.0,-0.0024289055230921463,0.13915190422268903,-0.9902680687415704
3.0,2.0,6.0,0.20273338927119314,0.2332180861064193,-0.9510565162951535
4.0,2.0,6.0,0.303913257335374,0.18990608014780783,0.9335804264972017
5.0,2.0,6.0,-0.41043685885067155,-0.44013964487227725,0.7986355100472928
6.0,2.0,6.0,-0.5590320207484466,0.5398509471944899,0.6293203910498375
7.0,2.0,6.0,-0.12568853494543955,0.28230107154560236,0.9510565162951535
8.0,2.0,6.0,-0.8645398225040035,-0.21555398732332093,0.4539904997395468
9.0,2.0,6.0,0.20610737385376335,-0.4045084971874737,0.8910065241883679
0.0,3.0,6.0,0.5602494390798607,0.470105097699189,0.6819983600624985
1.0,3.0,6.0,-0.5049992790393029,-0.4389891758756218,0.7431448254773942
2.0,3.0,6.0,-0.3406783663463925,0.2758759015222679,0.898794046299167
3.0,3.0,6.0,0.32657343543829004,0.640936455210096,0.6946583704589974
4.0,3.0,6.0,0.7661636878050825,-0.34111805145259655,-0.5446390350150271
5.0,3.0,6.0,-0.6568123929645335,-0.22615864364855168,0.7193398003386512
6.0,3.0,6.0,0.16187734469408996,-0.17978300488457558,0.9702957262759965
7.0,3.0,6.0,-0.017237538353432377,-0.0027301578646811136,-0.9998476951563913
8.0,3.0,6.0,-0.15934491515019597,-0.20395219077900953,0.9659258262890683
9.0,3.0,6.0,0.9017694448716104,0.2416283945124098,-0.35836794954530027
0.0,4.0,6.0,-0.03640807271660629,-0.18730329670795617,-0.981627183447664
1.0,4.0,6.0,0.474215366856622,-0.100797587870132,0.8746197071393957
2.0,4.0,6.0,0.9561591061167362,0.29232717509597334,-0.017452406437283473
3.0,4.0,6.0,-0.5354797340773546,0.20555141140262476,0.8191520442889918
4.0,4.0,6.0,-0.44062223512712895,0.6784987421499371,-0.587785252292473
5.0,4.0,6.0,0.04703924587853174,-0.8975622802959181,0.4383711467890774
6.0,4.0,6.0,0.5630382217072257,0.804101914050799,-0.1908089953765448
7.0,4.0,6.0,-0.15709816901462353,0.32209897943575605,-0.9335804264972017
8.0,4.0,6.0,-0.0,-0.0,1.0
9.0,4.0,6.0,0.7238095817598482,-0.5454296418383432,-0.42261826174069933
0.0,5.0,6.0,-0.5896619492774805,0.6783284773891711,0.4383711467890774
1.0,5.0,6.0,-0.5747695027124244,-0.7356714154365449,-0.35836794954530027
2.0,5.0,6.0,-0.15052163539417499,0.16717121202132754,-0.9743700647852351
3.0,5.0,6.0,0.5537508765739678,-0.07782461041088663,0.8290375725550416
4.0,5.0,6.0,-0.6535625263155621,-0.05717931195797492,-0.754709580222772
5.0,5.0,6.0,-0.17151028044722005,0.972683135377854,-0.1564344650402308
6.0,5.0,6.0,-0.009505261800692095,-0.014636819618770874,-0.9998476951563913
7.0,5.0,6.0,-0.09197596100332346,-0.7490840894569499,0.6560590289905074
8.0,5.0,6.0,0.460846047886287,-0.08957939725303221,-0.882947592858927
9.0,5.0,6.0,0.8090169943749473,0.0,0.5877852522924732
0.0,6.0,6.0,0.44651779349608534,-0.5321391845561994,0.7193398003386512
1.0,6.0,6.0,0.5149596321166025,-0.008988653814006362,0.8571673007021123
2.0,6.0,6.0,-0.5254827454987588,-0.47314678925581505,-0.7071067811865475
3.0,6.0,6.0,0.06637480159009447,0.5405793782378083,0.838670567945424
4.0,6.0,6.0,0.9131794542702808,-0.1941022849873986,-0.35836794954530027
5.0,6.0,6.0,-0.3718872459494308,0.2603982529778397,0.8910065241883679
6.0,6.0,6.0,-0.5282978852629288,-0.25766809511315875,-0.8090169943749473
7.0,6.0,6.0,0.7766725451350321,-0.6289370260712782,-0.034899496702500955
8.0,6.0,6.0,-0.5345736503816103,0.4813322767786617,0.6946583704589974
9.0,6.0,6.0,-0.20636194860240742,0.9708566368455311,0.12186934340514748
0.0,7.0,6.0,0.6131909501978996,-0.14156628548675457,-0.7771459614569709
1.0,7.0,6.0,0.7099581630143073,-0.5749127846454446,0.40673664307580015
2.0,7.0,6.0,0.23382239301330965,-0.45890228495027585,-0.8571673007021121
3.0,7.0,6.0,-0.5656294206902575,0.27587590152226776,0.7771459614569709
4.0,7.0,6.0,-0.014636819618770905,0.8385428343557338,-0.5446390350150271
5.0,7.0,6.0,0.021286951154416943,0.04781127509712326,0.9986295347545738
6.0,7.0,6.0,0.7875307187469627,0.027501178697033096,0.6156614753256583
7.0,7.0,6.0,0.5220515493164286,-0.7739732505681406,-0.35836794954530027
8.0,7.0,6.0,0.678498742149937,-0.44062223512712884,0.5877852522924732
9.0,7.0,6.0,0.0,-0.0,1.0
0.0,8.0,6.0,0.7115894499006427,-0.5362211119830486,0.4539904997395468
1.0,8.0,6.0,0.1381234343474458,0.07344153277601198,0.9876883405951378
2.0,8.0,6.0,0.7790404892842347,-0.28354754938763965,0.5591929034707469
3.0,8.0,6.0,0.6486189844400476,-0.2107490833951566,-0.7313537016191705
4.0,8.0,6.0,0.7153718685265792,0.667095059599523,-0.20791169081775934
5.0,8.0,6.0,-0.41132769564956717,0.30995765097618067,-0.8571673007021121
6.0,8.0,6.0,-0.3210197609601031,-0.32101976096010304,0.8910065241883679
7.0,8.0,6.0,0.9284661752387178,-0.35640477242103424,-0.10452846326765355
8.0,8.0,6.0,0.1834173784959443,0.05259408695168883,0.981627183447664
9.0,8.0,6.0,-0.3591271399312985,0.19095128746708306,-0.9135454576426008
0.0,9.0,6.0,-0.6379963683170989,0.07833610394146283,-0.7660444431189779
1.0,9.0,6.0,0.15012286348626427,-0.5235406424727546,-0.8386705679454239
2.0,9.0,6.0,0.5321391845561992,-0.5510462567637389,0.6427876096865394
3.0,9.0,6.0,0.26039825297783975,0.3718872459494307,0.8910065241883679
4.0,9.0,6.0,-0.2670948427926802,-0.8736278659320469,0.40673664307580015
5.0,9.0,6.0,0.5277924897814036,0.6517694448716104,0.5446390350150271
6.0,9.0,6.0,-0.9679321346536808,-0.06768440835400852,-0.24192189559966779
7.0,9.0,6.0,-0.08426323885239126,-0.24471821486331075,0.9659258262890683
8.0,9.0,6.0,0.855363193977086,-0.49384417029756933,-0.1564344650402308
9.0,9.0,6.0,-0.7595475059751814,0.24679194491591763,-0.6018150231520484
0.0,0.0,7.0,-0.0697139799850775,-0.9969563611936845,-0.034899496702500955
1.0,0.0,7.0,-0.7518376824169722,0.06577727402308901,0.6560590289905074
2.0,0.0,7.0,0.07225538540174997,-0.8258828342981833,0.5591929034707469
3.0,0.0,7.0,0.13954886507087128,-0.13013142193197635,0.981627183447664
4.0,0.0,7.0,0.9088907895217829,-0.26062024005405093,-0.32556815445715664
5.0,0.0,7.0,-0.6791078223508457,0.4580640100299591,0.5735764363510462
6.0,0.0,7.0,0.1710100716628345,-0.4698463103929541,0.8660254037844387
7.0,0.0,7.0,0.8232618274527194,-0.5346324819374546,0.19080899537654492
8.0,0.0,7.0,0.1460655447897304,-0.5093910906471966,0.848048096156426
9.0,0.0,7.0,-0.08456530317942931,0.06144028915352237,-0.9945218953682733
0.0,1.0,7.0,-0.3906716182458562,-0.9203646561046941,0.0174524064372836
1.0,1.0,7.0,-0.08682408883346508,0.15038373318043524,-0.9848077530122081
2.0,1.0,7.0,-0.014296174410863116,0.8190272834649944,0.5735764363510462
3.0,1.0,7.0,-0.6329527122792846,0.41104429748912685,0.6560590289905074
4.0,1.0,7.0,-0.033710325189435654,-0.9653374103741355,-0.25881904510252085
5.0,1.0,7.0,-0.4635919272833935,0.8029647720336145,-0.37460659341591207
6.0,1.0,7.0,-0.7783784768652856,0.44939702314958346,0.4383711467890774
7.0,1.0,7.0,-0.9028590122851736,-0.07898992833716544,-0.42261826174069933
8.0,1.0,7.0,-0.8570367499704323,0.014959632116602412,-0.5150380749100542
9.0,1.0,7.0,-0.750665354967537,-0.20114017564957362,0.6293203910498375
0.0,2.0,7.0,-0.32139380484326957,0.383022221559489,0.8660254037844387
1.0,2.0,7.0,-0.058817094008805616,-0.12613366514614507,-0.9902680687415704
2.0,2.0,7.0,0.1852636520532769,0.37984677750984375,-0.9063077870366499
3.0,2.0,7.0,-0.8901313467474784,-0.39631200926429655,-0.22495105434386503
4.0,2.0,7.0,0.32769469744405566,0.7720003282414775,0.5446390350150271
5.0,2.0,7.0,-0.5354797340773545,-0.20555141140262487,-0.8191520442889919
6.0,2.0,7.0,-0.9154622315512155,-0.09621895776180016,-0.3907311284892738
7.0,2.0,7.0,-0.73090818070466,-0.02552387609802007,-0.6819983600624984
8.0,2.0,7.0,-0.6985023559086851,0.38718617834126784,0.6018150231520484
9.0,2.0,7.0,0.6947138315421155,-0.2948885259621099,-0.6560590289905072
0.0,3.0,7.0,-0.253725523822345,-0.10770009509217551,0.9612616959383189
1.0,3.0,7.0,-0.2859826814969977,0.06078749547617486,0.9563047559630354
2.0,3.0,7.0,0.41259635920371646,-0.5892486679858412,0.6946583704589974
3.0,3.0,7.0,0.8901313467474785,-0.3963120092642965,0.22495105434386492
4.0,3.0,7.0,-0.5133530105140898,-0.6117902945492193,-0.6018150231520484
5.0,3.0,7.0,-0.9695417239025022,-0.15356032331158379,-0.1908089953765448
6.0,3.0,7.0,-0.9697046483360623,0.03386283249962009,-0.24192189559966779
7.0,3.0,7.0,0.8152145468878713,0.26487926293945346,-0.5150380749100542
8.0,3.0,7.0,0.2790663761506092,-0.16767999552363322,-0.9455185755993168
9.0,3.0,7.0,-0.5122166424463738,0.053836138494678686,0.8571673007021123
0.0,4.0,7.0,-0.4225538949324389,0.00737570567171692,-0.9063077870366499
1.0,4.0,7.0,0.9354072026155705,0.2859826814969976,0.20791169081775945
2.0,4.0,7.0,0.269614018265008,-0.05730822870044879,0.9612616959383189
3.0,4.0,7.0,-0.04999048033273034,0.5713938048432696,0.8191520442889918
4.0,4.0,7.0,0.726919097447969,0.45422946531282565,-0.5150380749100542
5.0,4.0,7.0,-0.4328836315041715,0.6182218954839703,0.6560590289905074
6.0,4.0,7.0,0.00975926182821617,0.5591077356830367,-0.8290375725550416
7.0,4.0,7.0,0.2603982529778398,-0.3718872459494308,-0.8910065241883678
8.0,4.0,7.0,-0.9762497270273904,-0.10260798098753929,-0.1908089953765448
9.0,4.0,7.0,-0.2174379594343901,-0.8720960219263919,0.4383711467890774
0.0,5.0,7.0,0.3624050026070131,-0.8139749629022057,0.4539904997395468
1.0,5.0,7.0,-0.5259693263952683,0.8417268742468106,-0.12186934340514738
2.0,5.0,7.0,0.08456530317942916,0.3978484715551162,0.9135454576426009
3.0,5.0,7.0,-0.28992576142145166,0.7552824306520477,-0.587785252292473
4.0,5.0,7.0,0.9490924366591315,-0.23663532174578936,-0.20791169081775934
5.0,5.0,7.0,-0.2666898192789741,-0.1867382218229229,0.9455185755993168
6.0,5.0,7.0,0.21360435537959496,-0.8567202758766954,0.46947156278589086
7.0,5.0,7.0,-0.03967677721731934,0.1152297279856591,-0.992546151641322
8.0,5.0,7.0,-0.06212133247856588,0.18041344951996743,-0.981627183447664
9.0,5.0,7.0,-0.1880086241532968,0.7540614050943494,-0.6293203910498373
0.0,6.0,7.0,-0.6782623016874101,-0.07128824052839279,-0.7313537016191705
1.0,6.0,7.0,-0.3477768995542877,-0.29181946814798065,0.8910065241883679
2.0,6.0,7.0,-0.6077676251237062,0.7243092507036281,0.32556815445715676
3.0,6.0,7.0,0.3503664178309408,0.7513632077525961,-0.5591929034707467
4.0,6.0,7.0,0.7781665336645701,-0.5863905430973891,0.22495105434386492
5.0,6.0,7.0,-0.14096295496814779,-0.21706391555122362,-0.9659258262890682
6.0,6.0,7.0,0.04917971188326862,-0.9384048047077378,0.3420201433256688
7.0,6.0,7.0,-0.10690849325003428,0.13683663134575166,-0.9848077530122081
8.0,6.0,7.0,0.32101976096010304,0.32101976096010304,0.8910065241883679
9.0,6.0,7.0,0.44614217893214314,0.6869987102175038,-0.5735764363510462
0.0,7.0,7.0,-0.21918557339453876,0.9493970231495835,0.22495105434386492
1.0,7.0,7.0,0.24100130974869377,-0.021084882497910493,-0.9702957262759965
2.0,7.0,7.0,-0.49472225271191866,0.7917211032998562,0.3583679495453004
3.0,7.0,7.0,-0.38302222155948934,-0.6634139481689382,0.6427876096865394
4.0,7.0,7.0,0.0,0.0,1.0
5.0,7.0,7.0,-0.11697777844051095,-0.3213938048432698,-0.9396926207859083
6.0,7.0,7.0,-0.5025976114892488,0.37873446570971386,0.7771459614569709
7.0,7.0,7.0,0.032358249875066025,-0.9266190392142547,-0.37460659341591207
8.0,7.0,7.0,-0.6769148477057257,-0.7259023020307434,-0.12186934340514738
9.0,7.0,7.0,0.5674549368026243,-0.6302225544146041,-0.5299192642332048
0.0,8.0,7.0,-0.5775319998974021,0.5200121484190409,0.6293203910498375
1.0,8.0,7.0,-0.34518691632207427,-0.49297800649882706,-0.7986355100472929
2.0,8.0,7.0,0.47010509769918934,-0.43838009567471314,-0.7660444431189779
3.0,8.0,7.0,-0.8409230276094449,-0.3569506475909433,-0.40673664307580026
4.0,8.0,7.0,-0.05714115806989184,-0.8171566310795414,0.5735764363510462
5.0,8.0,7.0,0.10055413585580256,0.6348738275664133,-0.7660444431189779
6.0,8.0,7.0,-0.3699486399878354,0.6957721980440041,-0.6156614753256582
7.0,8.0,7.0,-0.017282560817541617,0.002428905523092141,-0.9998476951563913
8.0,8.0,7.0,0.40518888735174685,-0.035449434229960566,0.9135454576426009
9.0,8.0,7.0,-0.9212849957623496,0.21269540048277594,-0.32556815445715664
0.0,9.0,7.0,-0.18041344951996727,-0.06212133247856586,0.981627183447664
1.0,9.0,7.0,-0.8743548075804279,0.4649026978090709,0.13917310096006547
2.0,9.0,7.0,-0.2810684519535701,0.27142464900396396,0.9205048534524404
3.0,9.0,7.0,0.044838597018148144,0.05343655908326208,0.9975640502598242
4.0,9.0,7.0,0.20056234107586268,0.8044116135723832,0.5591929034707469
5.0,9.0,7.0,-0.1523868393441584,0.7839623263290126,-0.6018150231520484
6.0,9.0,7.0,-0.7208394201673423,0.5237204946142995,-0.45399049973954675
7.0,9.0,7.0,-0.08061524809326433,0.34918300221540616,0.9335804264972017
8.0,9.0,7.0,-0.4082178936767347,0.8754260980655931,0.25881904510252074
9.0,9.0,7.0,-0.8612812260087741,0.09052430460833669,0.5000000000000001
0.0,0.0,8.0,-0.010258267120849427,-0.014119293400501028,-0.9998476951563913
1.0,0.0,8.0,0.45552625097926297,0.11357545039930113,0.882947592858927
2.0,0.0,8.0,-0.12819907291807817,0.5141783973567993,0.848048096156426
3.0,0.0,8.0,0.13494997998821734,-0.10928033907444426,-0.9848077530122081
4.0,0.0,8.0,-0.8658935039207543,-0.015114227331858701,-0.4999999999999998
5.0,0.0,8.0,-0.3581496414732152,-0.012506861073438213,0.9335804264972017
6.0,0.0,8.0,-0.274127385541421,0.9559958037894977,-0.10452846326765355
7.0,0.0,8.0,0.016776329810108067,0.961115291126052,0.27563735581699916
8.0,0.0,8.0,0.2172052004795177,-0.1696993011371571,0.9612616959383189
9.0,0.0,8.0,-0.981060262190407,0.17298739392508938,0.08715574274765812
0.0,1.0,8.0,-0.4762882797120397,0.2323013155675341,0.848048096156426
1.0,1.0,8.0,0.015550207998406337,-0.8908708195790469,0.4539904997395468
2.0,1.0,8.0,-0.4589022849502758,-0.23382239301330968,-0.8571673007021121
3.0,1.0,8.0,-0.41338303874795657,0.8865027874162642,-0.20791169081775934
4.0,1.0,8.0,0.8137976813493739,-0.29619813272602374,-0.4999999999999998
5.0,1.0,8.0,0.007650631424141049,-0.015686118999423678,0.9998476951563913
6.0,1.0,8.0,0.5423271750959733,0.18673822182292288,0.8191520442889918
7.0,1.0,8.0,0.04338847412099715,0.8279014053747027,-0.5591929034707467
8.0,1.0,8.0,0.08152288134421573,-0.15332224047535545,0.984807753012208
9.0,1.0,8.0,-0.6551599228923277,-0.03433547663403523,0.754709580222772
0.0,2.0,8.0,0.20740522838853231,-0.0145031864016258,0.9781476007338057
1.0,2.0,8.0,-0.4220282414419602,0.6256825983719214,0.6560590289905074
2.0,2.0,8.0,0.11929463128028173,0.07167944599773464,-0.9902680687415704
3.0,2.0,8.0,0.7880925439686418,-0.28684222785171376,0.5446390350150271
4.0,2.0,8.0,-0.7404878902641793,0.2695155508907394,-0.6156614753256582
5.0,2.0,8.0,-0.5845866933780393,-0.6268924782754024,0.5150380749100542
6.0,2.0,8.0,0.25766809511315847,-0.35464970759599823,-0.898794046299167
7.0,2.0,8.0,0.6049415863891328,0.17346420855069708,0.7771459614569709
8.0,2.0,8.0,0.15052163539417482,-0.6519808322676646,-0.743144825477394
9.0,2.0,8.0,0.8059384404624422,0.5855485519502808,0.08715574274765812
0.0,3.0,8.0,0.7603344640039613,0.6379963683170987,0.12186934340514748
1.0,3.0,8.0,-0.2857626571584661,-0.6732146319308542,0.6819983600624985
2.0,3.0,8.0,0.1923400341029386,0.17318374458667038,0.9659258262890683
3.0,3.0,8.0,0.1658827016725767,0.5785017297962965,0.7986355100472928
4.0,3.0,8.0,-0.4531538935183249,0.21130913087034972,0.8660254037844387
5.0,3.0,8.0,0.9220865022591219,-0.3539558454088802,0.15643446504023092
6.0,3.0,8.0,0.5590169943749476,-0.18163563200134036,-0.8090169943749473
7.0,3.0,8.0,-0.09839849970274307,0.22100664882936397,0.9702957262759965
8.0,3.0,8.0,-0.017237538353432415,0.9875379108768892,-0.1564344650402308
9.0,3.0,8.0,-0.3418117938954295,-0.9391201854309705,-0.034899496702500955
0.0,4.0,8.0,0.6291487655059023,-0.6075619005327785,-0.48480962024633695
1.0,4.0,8.0,0.9992386149554826,0.03489418134011367,0.0174524064372836
2.0,4.0,8.0,-0.13105394327345835,-0.11392345482613739,0.984807753012208
3.0,4.0,8.0,-0.15038373318043527,-0.08682408883346518,0.984807753012208
4.0,4.0,8.0,0.8645398225040036,0.21555398732332115,-0.45399049973954675
5.0,4.0,8.0,-0.03235824987506589,-0.013073581571653808,-0.9993908270190958
6.0,4.0,8.0,0.6230365039547986,-0.6681248520442953,-0.40673664307580026
7.0,4.0,8.0,0.012506861073438244,0.03258148701605854,0.9993908270190958
8.0,4.0,8.0,-0.06322083535051858,0.029480359678903074,-0.9975640502598242
9.0,4.0,8.0,0.33317915266278364,-0.233294554268805,0.9135454576426009
0.0,5.0,8.0,-0.1880086241532967,-0.1522463819423009,-0.9702957262759965
1.0,5.0,8.0,-0.3099752105710801,-0.30997521057107996,-0.898794046299167
2.0,5.0,8.0,0.14396086369159863,0.8164426289906261,-0.5591929034707467
3.0,5.0,8.0,-0.09996106655636448,0.0305611649976118,0.9945218953682733
4.0,5.0,8.0,-0.8667253587100031,-0.16847434316355028,0.46947156278589086
5.0,5.0,8.0,0.8305086836297111,0.11672038362490392,0.5446390350150271
6.0,5.0,8.0,-0.8550792842386798,-0.059792968305749636,0.5150380749100542
7.0,5.0,8.0,-0.0457370112212017,-0.2887721238745713,-0.9563047559630355
8.0,5.0,8.0,-0.04069027677924388,-0.13309189835023413,-0.9902680687415704
9.0,5.0,8.0,0.5995249352960312,-0.7955964608169104,-0.08715574274765824
0.0,6.0,8.0,0.24576403792988502,0.28271918486560554,0.9271838545667874
1.0,6.0,8.0,-0.9028590122851736,-0.07898992833716544,-0.42261826174069933
2.0,6.0,8.0,-0.10351119944858364,0.01454755037154965,-0.9945218953682733
3.0,6.0,8.0,0.09518691632207406,-0.27644287779498616,0.9563047559630354
4.0,6.0,8.0,-0.8927874019332731,-0.34270897453489196,-0.29237170472273666
5.0,6.0,8.0,0.8075261511723769,-0.41145512515461163,0.42261826174069944
6.0,6.0,8.0,-0.2869652992419898,0.7102640395405223,-0.6427876096865393
7.0,6.0,8.0,0.14400537680336117,-0.7408434395550483,0.6560590289905074
8.0,6.0,8.0,-0.7969220629908464,0.2285137243720153,0.5591929034707469
9.0,6.0,8.0,0.286788218175523,0.4967317648921539,-0.8191520442889919
0.0,7.0,8.0,1.2730919333264152e-17,0.2079116908177593,-0.9781476007338057
1.0,7.0,8.0,-0.843829228791103,-0.48718503239261773,0.22495105434386492
2.0,7.0,8.0,0.33456530317942906,0.12842758726130285,-0.9335804264972017
3.0,7.0,8.0,0.5916775735089336,-0.5517482634264055,0.5877852522924732
4.0,7.0,8.0,0.06958655048003294,-0.004865965629214882,-0.9975640502598242
5.0,7.0,8.0,0.14442759634283964,-0.6794784183941233,0.7193398003386512
6.0,7.0,8.0,0.05259408695168887,0.2705731212436025,-0.9612616959383189
7.0,7.0,8.0,-0.26684324711116797,-0.5993397458796934,0.754709580222772
8.0,7.0,8.0,0.600349032002767,-0.04198049386132622,-0.7986355100472929
9.0,7.0,8.0,0.13954886507087128,-0.13013142193197635,0.981627183447664
0.0,8.0,8.0,0.04488852596210977,0.07470705275169785,0.9961946980917455
1.0,8.0,8.0,0.6337043596720595,0.16980057141421007,-0.754709580222772
2.0,8.0,8.0,0.7166024952237391,0.6920149856363047,0.08715574274765812
3.0,8.0,8.0,0.26857278824464065,-0.9366246209469847,0.22495105434386492
4.0,8.0,8.0,-0.9810602621904069,-0.08583165117743106,0.17364817766693041
5.0,8.0,8.0,-0.9987820251299122,0.034878236872062825,0.03489949670250108
6.0,8.0,8.0,-0.7189015979681957,-0.6942352033487548,-0.034899496702500955
7.0,8.0,8.0,-0.8818042466894012,0.2865155679712071,-0.37460659341591207
8.0,8.0,8.0,0.18000199507307782,-0.2303920473718456,-0.9563047559630355
9.0,8.0,8.0,0.2745884724609226,0.024023378475231102,-0.9612616959383189
0.0,9.0,8.0,-0.726905328038456,0.15450849718747367,0.6691306063588582
1.0,9.0,8.0,-0.06512327850898139,0.9313062714998427,-0.35836794954530027
2.0,9.0,8.0,0.5379336247173288,-0.8283451415599978,-0.1564344650402308
3.0,9.0,8.0,-0.6177580029524342,0.7628676012727333,-0.1908089953765448
4.0,9.0,8.0,-0.1495591541609187,-0.7036204998135863,0.6946583704589974
5.0,9.0,8.0,0.594405681562271,0.7888029816589621,-0.1564344650402308
6.0,9.0,8.0,-0.15332224047535534,0.08152288134421574,-0.9848077530122081
7.0,9.0,8.0,-0.2747395334545525,-0.8986325224009332,0.3420201433256688
8.0,9.0,8.0,-0.6542039106970216,0.4929780064988271,-0.5735764363510462
9.0,9.0,8.0,0.6189451401610266,-0.3153683007529395,-0.7193398003386513
0.0,0.0,9.0,-0.3909803553233024,0.11211181281129616,0.9135454576426009
1.0,0.0,9.0,-0.7325719442337336,0.614700848217349,-0.29237170472273666
2.0,0.0,9.0,0.012738815185577955,-0.12120173039057433,-0.992546151641322
3.0,0.0,9.0,-0.2417957299222598,0.4024156722295843,0.882947592858927
4.0,0.0,9.0,0.19447069574108733,0.598519258745362,0.7771459614569709
5.0,0.0,9.0,0.05245163533951589,0.06960567106282664,-0.9961946980917455
6.0,0.0,9.0,-0.18627752081659354,0.28684222785171404,-0.9396926207859083
7.0,0.0,9.0,0.06705422625395462,-0.9589201107598571,0.27563735581699916
8.0,0.0,9.0,-0.9327081154017672,-0.23255025164874932,0.27563735581699916
9.0,0.0,9.0,-0.10184940552600485,-0.02351378802100267,-0.9945218953682733
0.0,1.0,9.0,-0.4166745553523913,-0.6934629132905095,0.5877852522924732
1.0,1.0,9.0,-0.8596699001693257,-0.3473291852294986,0.37460659341591196
2.0,1.0,9.0,0.796726208379082,0.14048432677478684,0.5877852522924732
3.0,1.0,9.0,-0.06975647374412552,8.542704229054971e-18,-0.9975640502598242
4.0,1.0,9.0,-0.31134237449748703,-0.9042039106970216,0.29237170472273677
5.0,1.0,9.0,-0.032358249875065734,-0.013073581571653742,0.9993908270190958
6.0,1.0,9.0,0.3869285600062875,-0.05437926279347817,0.9205048534524404
7.0,1.0,9.0,0.9418008996556876,-0.3060096622280041,-0.13917310096006535
8.0,1.0,9.0,0.3714429287062699,-0.5719719519714636,-0.7313537016191705
9.0,1.0,9.0,0.5449849958780466,-0.7501074952546009,-0.37460659341591207
0.0,2.0,9.0,0.23511052900000887,-0.6124838680922978,0.754709580222772
1.0,2.0,9.0,0.15576118962056454,0.581308673511317,0.7986355100472928
2.0,2.0,9.0,-0.043899171334910676,0.6277873982067722,-0.7771459614569709
3.0,2.0,9.0,-0.2605050963960335,0.1327339763367785,0.9563047559630354
4.0,2.0,9.0,0.9601762743044159,0.18663936102599513,-0.20791169081775934
5.0,2.0,9.0,-0.4868785812001595,-0.646109699939564,-0.587785252292473
6.0,2.0,9.0,0.46101705427114553,-0.38683924020535454,-0.7986355100472929
7.0,2.0,9.0,-0.06374167507586799,0.05944007362393188,-0.9961946980917455
8.0,2.0,9.0,0.1660605781671996,-0.050769813726477146,0.984807753012208
9.0,2.0,9.0,-0.2767001083690212,0.20103439623378605,0.9396926207859084
0.0,3.0,9.0,0.9802818975087834,-0.051374397319801667,0.19080899537654492
1.0,3.0,9.0,-0.1735423958889123,0.006060234003882364,-0.9848077530122081
2.0,3.0,9.0,-0.37188724594943073,-0.26039825297783986,-0.8910065241883678
3.0,3.0,9.0,0.052335956242943835,0.0,0.9986295347545738
4.0,3.0,9.0,0.15224638194230086,0.1880086241532967,-0.9702957262759965
5.0,3.0,9.0,-0.8020246528124291,-0.2452035436509895,0.5446390350150271
6.0,3.0,9.0,-0.3201307926046369,0.4929581913700729,-0.8090169943749473
7.0,3.0,9.0,0.7319967290770819,0.49373802806329026,0.46947156278589086
8.0,3.0,9.0,0.7739732505681408,-0.5220515493164282,-0.35836794954530027
9.0,3.0,9.0,-0.01485213686200176,0.12096094779983393,-0.992546151641322
0.0,4.0,9.0,0.3189540509128008,-0.27726252643125937,0.9063077870366499
1.0,4.0,9.0,0.32101976096010293,-0.6300367553350505,0.7071067811865476
2.0,4.0,9.0,-0.20705595212204575,0.33135878962438053,0.9205048534524404
3.0,4.0,9.0,-0.8569308478534623,-0.2950649535956721,-0.42261826174069933
4.0,4.0,9.0,0.18041344951996738,0.9281467362630046,-0.32556815445715664
5.0,4.0,9.0,-0.7880925439686417,-0.5117932821955788,0.3420201433256688
6.0,4.0,9.0,0.3891458112061502,-0.23382239301330976,0.8910065241883679
7.0,4.0,9.0,0.30718128796989574,0.18457313884327484,-0.9335804264972017
8.0,4.0,9.0,0.06889765579810364,0.010912316653255186,-0.9975640502598242
9.0,4.0,9.0,-0.05226423163382674,0.9972609476841365,-0.05233595624294384
0.0,5.0,9.0,0.2244030848814838,-0.015691792316051202,0.9743700647852352
1.0,5.0,9.0,0.07519148389665953,-0.7153991816466306,-0.6946583704589974
2.0,5.0,9.0,-0.4253496502521493,-0.1060515788074137,0.898794046299167
3.0,5.0,9.0,0.8681700846974874,0.4423547526431035,0.22495105434386492
4.0,5.0,9.0,0.5668474981641692,-0.5473982660046122,-0.6156614753256582
5.0,5.0,9.0,0.3446277393624635,-0.3827478802932457,-0.8571673007021121
6.0,5.0,9.0,0.07323689960592361,-0.21269540048277577,0.9743700647852352
7.0,5.0,9.0,0.09691710348444577,0.9221046443986228,0.37460659341591196
8.0,5.0,9.0,0.45419556349484,-0.39482617972103246,-0.7986355100472929
9.0,5.0,9.0,-0.9317947270221315,0.28487823687206254,-0.22495105434386503
0.0,6.0,9.0,-0.7067727288213005,-0.6363810234301195,-0.30901699437494734
1.0,6.0,9.0,-0.035631147684803535,0.2901924103713652,-0.9563047559630355
2.0,6.0,9.0,-0.17726384985813573,-0.13849369799340625,0.9743700647852352
3.0,6.0,9.0,-0.9630632890692619,0.24011864647522388,0.12186934340514748
4.0,6.0,9.0,0.45806401002995906,-0.32073987280554567,0.8290375725550416
5.0,6.0,9.0,-0.428583650351056,0.7423286577013644,-0.5150380749100542
6.0,6.0,9.0,0.293557838477687,0.7647443148733716,-0.5735764363510462
7.0,6.0,9.0,0.017282560817541315,-0.9901172461182299,-0.13917310096006535
8.0,6.0,9.0,0.13242049823628738,-0.3845770514050784,0.9135454576426009
9.0,6.0,9.0,-0.6984011233337103,-0.11061587104123706,0.7071067811865476
0.0,7.0,9.0,-0.4515262235075785,0.6952894118228327,-0.5591929034707467
1.0,7.0,9.0,-0.34270897453489174,-0.10477664832655116,-0.9335804264972017
2.0,7.0,9.0,0.2722438025729235,0.043119182302336044,-0.9612616959383189
3.0,7.0,9.0,0.20158840048128274,0.18798422463915682,0.9612616959383189
4.0,7.0,9.0,-0.03799209854605152,0.5433123216991929,-0.8386705679454239
5.0,7.0,9.0,-0.28861471670784583,-0.4444276902996832,-0.848048096156426
6.0,7.0,9.0,0.21567121585255697,-0.5618427259867125,-0.7986355100472929
7.0,7.0,9.0,-0.0036285593312143545,-0.017071029483660016,-0.9998476951563913
8.0,7.0,9.0,0.10112865756742417,0.3774172881428619,-0.9205048534524404
9.0,7.0,9.0,0.11161889704894944,-0.6330222215594892,-0.7660444431189779
0.0,8.0,9.0,-0.21382712849768062,0.6993970231495837,-0.6819983600624984
1.0,8.0,9.0,-0.3741730865709514,0.4155613126579656,-0.8290375725550416
2.0,8.0,9.0,-0.3308429041749598,-0.2875973488998972,0.898794046299167
3.0,8.0,9.0,0.9943704248665338,0.01735680032874465,-0.10452846326765355
4.0,8.0,9.0,0.2899257614214517,0.7552824306520476,0.5877852522924732
5.0,8.0,9.0,-0.7568338048323141,0.4024156722295842,-0.5150380749100542
6.0,8.0,9.0,-0.41287132467608256,0.5098536248573546,0.754709580222772
7.0,8.0,9.0,-0.16181624651768511,-0.7009031678585695,-0.6946583704589974
8.0,8.0,9.0,0.4575256396340416,-0.5856061139633771,0.6691306063588582
9.0,8.0,9.0,0.25846434259635337,-0.01354554221932617,0.9659258262890683
0.0,9.0,9.0,0.0998295217864837,0.8130462091681604,0.5735764363510462
1.0,9.0,9.0,-0.59966055956455,0.5996605595645501,0.5299192642332049
2.0,9.0,9.0,-0.7490840894569498,0.09197596100332374,0.6560590289905074
3.0,9.0,9.0,-0.6105728762178053,0.5307629037664467,-0.587785252292473
4.0,9.0,9.0,0.048340908203384964,0.3052124823898889,-0.9510565162951535
5.0,9.0,9.0,-0.7714226649462228,-0.20670208009540497,0.6018150231520484
6.0,9.0,9.0,-0.29506495359567186,0.8569308478534623,0.42261826174069944
7.0,9.0,9.0,-0.04786392453455315,0.16692134176071197,0.984807753012208
8.0,9.0,9.0,0.07962073289459021,-0.03544943422996051,-0.9961946980917455
9.0,9.0,9.0,0.522110542026781,0.3262508760213023,-0.7880107536067219
